"Login","Status","Language","Person->First Name","Person->Last Name","Person->Organization name","Password expiration","Profiles","Password"
"persona","Enabled","EN US","Person","A","Company A","Never expire","profileid->name:Administrator","persona"
"personb","Enabled","EN US","Person","B","Company A","Never expire","profileid->name:Administrator","personb"
"personc","Enabled","EN US","Person","C","Company A","Never expire","profileid->name:Administrator","personc"
"persond","Enabled","EN US","Person","D","Company A","Never expire","profileid->name:Administrator","persond"
"persone","Enabled","EN US","Person","E","Company A","Never expire","profileid->name:Administrator","persone"
"personf","Enabled","EN US","Person","F","Company A","Never expire","profileid->name:Administrator","personf"
"persong","Enabled","EN US","Person","G","Company A","Never expire","profileid->name:Administrator","persong"
"personh","Enabled","EN US","Person","H","Company B","Never expire","profileid->name:Portal user","personh"
"personi","Enabled","EN US","Person","I","Company B","Never expire","profileid->name:Portal user","personi"
"personj","Enabled","EN US","Person","J","Company B","Never expire","profileid->name:Portal user","personj"
"personk","Enabled","EN US","Person","K","Company B","Never expire","profileid->name:Portal user","personk"
"personm","Enabled","EN US","Person","M","Company B","Never expire","profileid->name:Portal user","personm"
"personn","Enabled","EN US","Person","N","Company B","Never expire","profileid->name:Portal user","personn"
